{
    "model": { "title": "Tables", "modelsForReplace": [] },
    "geometries": [
        {
            "geometryIndex": 1,
            "title": "Top",
            "modelsForReplace": [
                {
                    "id": "33162",
                    "title": "Square",
                    "text": "Some text"
                },
                {
                    "id": "33161",
                    "title": "Round",
                    "text": "Some text"
                }
            ],
            "defaultId": "33162"
        }
    ]
}
